{
    "useFisheyeModel": false,
    "resolution": [
        480,
        640
    ],
    "camera_matrix": [
        [
            11153.143293400573,
            0.0,
            235.22823180254173
        ],
        [
            0.0,
            1605.4316764460855,
            342.2905044434593
        ],
        [
            0.0,
            0.0,
            1.0
        ]
    ],
    "distortion_coeffs": [
        -2.3809514018114224,
        -160.29752233671817,
        -0.10084802959089492,
        0.09056461987315385,
        -560.1219099895538,
        -0.4264767569968232,
        -154.60906691102386,
        576.7503398321271,
        -0.05910638376560672,
        -1.111293278021084,
        0.2890191074011067,
        -34.29588957270529,
        -0.15403263654280688,
        -0.37054757423495394
    ],
    "mean_error": 0.45519653222118167,
    "max_error": 2.6484242406998413
}