{
    "camera_matrix": [
        [
            462.2539177184035,
            0.0,
            334.3692509393413
        ],
        [
            0.0,
            464.0289055195144,
            244.25266559276577
        ],
        [
            0.0,
            0.0,
            1.0
        ]
    ],
    "distortion_coeffs": [
        [
            0.044803172435092006,
            -0.02369597958850573,
            -0.007656561246047956,
            -0.012975904924137568,
            0.008798987460398774
        ]
    ]
}