{"src_points": [[168.0, 183.0], [394.0, 202.0], [426.0, 422.0], [79.0, 378.0]], "matrix": [[3.4894359370009287, 1.5926143507337576, -877.6736636004337], [-0.49554643936024934, 5.894394489232435, -995.4223897170136], [-3.676364034696535e-05, 0.00525576911070338, 1.0]]}