{"src_points": [[164.0, 241.0], [364.0, 241.0], [450.0, 382.0], [110.0, 364.0]], "matrix": [[-5.744036013913418, -2.5217719085473562, 1549.7689362417136], [2.021099337273174e-15, -14.172795312655428, 3415.6436703499576], [-0.0011143370435683021, -0.014383399680903929, 1.0]]}