{"src_points": [[103.0, 80.0], [486.0, 95.0], [447.0, 456.0], [105.0, 436.0]], "matrix": [[1.0486243590819513, -0.005891148084730067, -107.53701713866259], [-0.03873066675548074, 0.988923024489942, -75.12458328338084], [6.476714289668301e-05, -0.00029094658610523096, 1.0]]}