{
    "camera_matrix": [
        [
            708.2518293351635,
            0.0,
            252.0237920610292
        ],
        [
            0.0,
            714.827252090665,
            261.72537071362234
        ],
        [
            0.0,
            0.0,
            1.0
        ]
    ],
    "distortion_coeffs": [
        [
            -0.3312706388914005,
            -0.30122573949644005,
            0.00992538730850303,
            0.06921886686054424,
            4.220481598611556
        ]
    ]
}