{
    "useFisheyeModel": true,
    "resolution": [
        640,
        480
    ],
    "camera_matrix":
    [
        [362.46905708 ,  0.0        , 293.67520602],
        [  0.0        , 362.21510212, 270.5792153 ],
        [  0.0        ,  0.0        ,   1.0      ]
    ],
    "distortion_coeffs": [
       -0.02910789,
       -0.05947373,
       0.086073,
       -0.04571382
    ]
}
