{
    "resolution": [
        480,
        640,
        3
    ],
    "camera_matrix": [
        [
            980.9224964909305,
            0.0,
            312.9374613566824
        ],
        [
            0.0,
            965.7928779273249,
            243.27167446419958
        ],
        [
            0.0,
            0.0,
            1.0
        ]
    ],
    "distortion_coeffs": [
        [
            -2.3171316506242507,
            9.654206230587862,
            0.044356631578434245,
            -0.016890925744111617,
            -16.887162753742214
        ]
    ],
    "mean_error": 78.86135872454487
}